{"initial_reset_timestamp": 1508315888.827839, "timestamps": [1508315892.8094342, 1508315896.19587, 1508315896.2421162, 1508315896.244627, 1508315896.247104, 1508315896.249645, 1508315896.2521589, 1508315896.2546759, 1508315899.593808, 1508315899.642102, 1508315899.644591, 1508315899.647359, 1508315899.6499462, 1508315899.652431, 1508315899.655489, 1508315899.658599, 1508315899.661389, 1508315899.663916, 1508315899.666362, 1508315899.6688159, 1508315899.6712909, 1508315899.67375, 1508315899.676194, 1508315899.6786401, 1508315899.681078, 1508315899.683538, 1508315899.685973, 1508315903.029216, 1508315903.078465, 1508315903.08095, 1508315903.0834172, 1508315903.0858738, 1508315903.0895271, 1508315903.093193, 1508315903.0962718, 1508315903.0990138, 1508315903.1015182, 1508315903.103946, 1508315903.1063838, 1508315903.108809, 1508315903.1112351, 1508315903.1136682, 1508315903.1161149, 1508315903.118568, 1508315903.121, 1508315903.1234298, 1508315903.125868, 1508315903.128302, 1508315903.130774, 1508315903.133253, 1508315903.1357162, 1508315903.138179, 1508315903.140623, 1508315903.14309, 1508315903.14556, 1508315903.148028, 1508315903.15049, 1508315903.152964, 1508315903.155442, 1508315903.157913, 1508315903.160392, 1508315903.162847, 1508315903.165331, 1508315903.167786, 1508315906.527644, 1508315906.5778759, 1508315906.580388, 1508315906.582865, 1508315906.5853581, 1508315906.589154, 1508315906.592845, 1508315906.595971, 1508315906.598742, 1508315906.601278, 1508315906.603765, 1508315906.6065369, 1508315906.609077, 1508315906.6115541, 1508315906.6140301, 1508315906.616503, 1508315906.618997, 1508315906.6214678, 1508315906.623945, 1508315906.6264231, 1508315906.628884, 1508315906.631346, 1508315906.6338181, 1508315906.636286, 1508315906.638756, 1508315906.641226, 1508315906.643691, 1508315906.646155, 1508315906.648643, 1508315906.651115, 1508315906.653588, 1508315906.656068, 1508315906.658557, 1508315906.661037, 1508315906.6635141, 1508315906.6659899], "episode_lengths": [200, 200, 200, 200, 200, 200, 200, 200, 200, 200, 200, 200, 200, 200, 200, 200, 200, 200, 200, 200, 200, 200, 200, 200, 200, 200, 200, 200, 200, 200, 200, 200, 200, 200, 200, 200, 200, 200, 200, 200, 200, 200, 200, 200, 200, 200, 200, 200, 200, 200, 200, 200, 200, 200, 200, 200, 200, 200, 200, 200, 200, 200, 200, 200, 200, 200, 200, 200, 200, 200, 200, 200, 200, 200, 200, 200, 200, 200, 200, 200, 200, 200, 200, 200, 200, 200, 200, 200, 200, 200, 200, 200, 200, 200, 200, 200, 200, 200, 200, 200], "episode_rewards": [200.0, 200.0, 200.0, 200.0, 200.0, 200.0, 200.0, 200.0, 200.0, 200.0, 200.0, 200.0, 200.0, 200.0, 200.0, 200.0, 200.0, 200.0, 200.0, 200.0, 200.0, 200.0, 200.0, 200.0, 200.0, 200.0, 200.0, 200.0, 200.0, 200.0, 200.0, 200.0, 200.0, 200.0, 200.0, 200.0, 200.0, 200.0, 200.0, 200.0, 200.0, 200.0, 200.0, 200.0, 200.0, 200.0, 200.0, 200.0, 200.0, 200.0, 200.0, 200.0, 200.0, 200.0, 200.0, 200.0, 200.0, 200.0, 200.0, 200.0, 200.0, 200.0, 200.0, 200.0, 200.0, 200.0, 200.0, 200.0, 200.0, 200.0, 200.0, 200.0, 200.0, 200.0, 200.0, 200.0, 200.0, 200.0, 200.0, 200.0, 200.0, 200.0, 200.0, 200.0, 200.0, 200.0, 200.0, 200.0, 200.0, 200.0, 200.0, 200.0, 200.0, 200.0, 200.0, 200.0, 200.0, 200.0, 200.0, 200.0], "episode_types": ["t", "t", "t", "t", "t", "t", "t", "t", "t", "t", "t", "t", "t", "t", "t", "t", "t", "t", "t", "t", "t", "t", "t", "t", "t", "t", "t", "t", "t", "t", "t", "t", "t", "t", "t", "t", "t", "t", "t", "t", "t", "t", "t", "t", "t", "t", "t", "t", "t", "t", "t", "t", "t", "t", "t", "t", "t", "t", "t", "t", "t", "t", "t", "t", "t", "t", "t", "t", "t", "t", "t", "t", "t", "t", "t", "t", "t", "t", "t", "t", "t", "t", "t", "t", "t", "t", "t", "t", "t", "t", "t", "t", "t", "t", "t", "t", "t", "t", "t", "t"]}